Stud_id,Age,Name,Gender,Program,Semester,City,Attendance,Cgpa,Cred_hrs,Passed
r001,-5,Jawad,Male,BSAI,100,12,150,6,100,
r002,22,Nimra,Female,ai,2,Islamabad,75,3.98,11,Yes
r003,23,Talha,Male,artificial int,3,Islamabad,76,3.97,12,No
r004,24,Ibrahim,Male,BSAI,4,Islamabad,77,3.96,13,Yes
r004,24,Ibrahim,Male,BSAI,4,Islamabad,77,3.96,13,Yes
r006,26,Qasim,Male,BSAI,6,Islamabad,79,3.54,15,Yes
r007,27,Ali,Male,BSCYS,7,Lahore,80,3.99,16,Yes
r008,28,Adeena,Female,BSSE,8,Islamabad,81,3.98,17,Yes
r009,29,Ahmed,Male,BSAI,1,12,82,3.97,18,No
r010,30,Zohaib,Male,BSAI,2,Islamabad,83,3.96,10,Yes
r011,31,Muhammad,Male,BSAI,3,Islamabad,84,2.54,11,Yes
r012,32,Noor,Female,BSAI,4,Islamabad,85,3.54,12,Yes
r013,33,Raheem,islamabad,BSAI,5,Islamabad,86,3.99,13,Yes
r014,34,Rana,Male,BSAI,6,Islamabad,87,3.98,14,Yes
r015,35,Jinnah,Male,BSAI,7,Islamabad,88,3.97,15,No
r016,36,Zain,Male,BSCS,8,Islamabad,89,3.96,16,Yes
r017,37,Asad,Male,BSCS,1,Islamabad,90,2.54,17,Yes
r018,38,Tooba,Female,BSAI,2,Islamabad,91,3.54,18,No
r019,39,Tariq,Male,BSAI,3,Islamabad,92,3.09,15,Yes
r020,40,Taha,Male,BSAI,4,Islamabad,93,2.89,16,Yes
,,,,,,,87.25,3.7675,,
